{
    "get_product":"select product_id,product_name,product_price,product_quentity;",
    "add_product":"insert into product (product_id,product_name,product_price,product_quentity) values (%(product_id)s,%(product_name)s,%(product_price)s,%(product_quentity)s);",
    "update_product":"update product set product_name = %(product_name)s,product_price = %(product_price)s,product_quentity = %(product_quentity)s where product_id = %(product_id)s",
    "delete_product":"delete from product where product_id = %(product_id)s",
    "total_product":"select count(product_name) from product"
}