{
    "get_product":"select product_name,product_decs,product_price,product_rating,product_instock,product_id,review FROM public.\"Product\" ##where## order by item  LIMIT %(limit)s OFFSET %(offset)s ",
    "count":"select count(product_name) from public.\"Product\"",
    "add_product":"insert into public.\"Product\"(product_name,product_price,product_decs,product_rating,product_instock,date) values(%(product_name)s,%(product_price)s,%(product_decs)s,%(product_rating)s,%(product_instock)s,%(date)s)",
    "search_product":"select product_name,product_price,product_decs,product_rating,product_instock,product_id from public.\"Product\" where product_id = %(product_id)s ",
    "product_name":"SELECT product_name from public.\"Product\" where product_id = %(product_id)s",
    "latest_product":"SELECT product_name, product_price, product_decs, product_rating, product_instock FROM public.\"Product\" ORDER BY date DESC LIMIT 3;",
    "q1":"SELECT table_name FROM information_schema.tables WHERE table_schema = 'order_details';",
    "a" : "SELECT product_id, COUNT(*) AS frequency FROM table1 GROUP BY product_id UNION ALL ##add## ",
    "q2": "SELECT product_id, SUM(frequency) AS total_frequency FROM ( ##add##) AS combined_results GROUP BY product_id ORDER BY total_frequency DESC;",
    "see_all_product":"select product_id, product_name,product_decs,product_price,product_rating,product_instock FROM public.\"Product\" ",
    "find":"select product_id,product_name,product_price,product_decs,product_rating,product_instock from public.\"Product\" where product_id = %(product_id)s "
}
