{
    "login":"select count(*) from public.\"Users\" where user_email = %(user_email)s and password=%(password)s;",
    "register":"insert into public.\"Users\" (username,user_email,password,phone) values (%(username)s,%(user_email)s,%(password)s,%(phone)s);",
    "get_user_count":"select count(user_email) from public.\"Users\" where user_email = %(user_email)s;",
    "user_name":"select count(username) from public.\"Users\" where username = %(username)s;",
    "user_favourite":"UPDATE public.\"Users\" SET favourite = %(favourite)s WHERE user_email = %(user_email)s ; ",
    "user":"select * from public.\"Users\" "
    }