{
    "check_instock":"  select product_id,product_instock from public.\"Product\" where product_id in (##id##);",
    "insert_order":"insert into public.\"orders\"  (user_email, shipping_address, order_total, order_date, order_status, order_tax,coupon_code,discount) VALUES (%(user_email)s,%(shipping_address)s,%(order_total)s,%(order_date)s,%(order_status)s,%(order_tax)s,%(coupon_code)s,%(discount)s) RETURNING order_id;",
    "order_table":"CREATE TABLE IF NOT EXISTS order_details.\"##name##\" ( product_id uuid NOT NULL, product_quantity integer NOT NULL, product_price double precision NOT NULL, discount double precision NOT NULL DEFAULT 0, coupon_code character varying COLLATE pg_catalog.\"default\", tax double precision NOT NULL, CONSTRAINT \"##name##_pkey\" PRIMARY KEY (product_id), CONSTRAINT \"##name##_fkey\" FOREIGN KEY (product_id) REFERENCES public.\"Product\" (product_id) MATCH SIMPLE ON UPDATE NO ACTION ON DELETE NO ACTION NOT VALID ) TABLESPACE pg_default;",
    "insert_order_table":"insert into order_details.\"##name##\" (product_id, product_quantity, product_price, discount, coupon_code, tax ) VALUES %s RETURNING product_id,product_quantity;",
    "update_product":"update public.\"Product\" set product_instock = %(product_instock)s where product_id = %(product_id)s;",
    "orders":"SELECT product_id, product_quantity, product_price, discount, coupon_code, tax FROM order_details.\"##name##\";",
    "get_order_id":"select o.order_id,u.username,o.user_email,u.phone,o.order_total,o.order_date,o.order_status,o.order_tax,expected_date  from public.\"orders\" o join public.\"Users\" u on o.user_email = u.user_email where u.user_email in (select user_email from public.\"Users\" where phone = %(phone)s)",
    "product_name":"select product_name,product_price from public.\"Product\" where product_id = %(product_id)s ",
    "product_price":"select product_price from public.\"Product\" where product_name = %(product_name)s "
}