{
    "login":"select count(*) from public.\"Users\" where user_email = %(user_email)s and password=%(password)s;",
    "register":"insert into public.\"Users\" (username,user_email,password,phone) values (%(username)s,%(user_email)s,%(password)s,%(phone)s);",
    "user_name":"select count(username) from public.\"Users\" where username = %(username)s;",
    "get_user_email":"select count(user_email) from public.\"Users\" where user_email = %(user_email)s ;",
    "get_user_phone":"select count(phone) from public.\"Users\" where  phone=%(phone)s;",
    "user_favourite":"UPDATE public.\"Users\" SET favourite = %(favourite)s WHERE user_email = %(user_email)s ; ",
    "data":"select * from public.\"Users\" where user_email = %(user_email)s;"
    }