{
    "customer":"select customer_id,customer_name,buy_product,quentity from customer;",
    "add_customer":"insert into customer(customer_id,customer_name,buy_product,quentity) values (%(customer_id)s,%(customer_name)s,%(buy_product)s,%(quentity)s);",
    "update_customer":"update customer set customer_id = %(customer_id)s,customer_name = %(customer_name)s,buy_product = %(buy_product)s,quentity = %(quentity)s",
    "delete_customer":"delete from customer where customer_id = %(customer_id)s",
    "which_product_buy":"select customer_id,customer_name,quentity where buy_product = %(buy_product)s",
    "how_quentity":"select customer_id,customer_name,buy_product where quentity >= 2"
}