{
    "insert_project": "INSERT INTO public.\"Projects\"( property_tax, electricity_bill, meter_number, current_sanctioned_load, average_consumption_of_unit, consumer_number, cancelled_cheque, other_documents, other_documents_names, project_type, project_address, latitude, longitude, total_kilowatts, solar_panel_type, project_cost, deposit_amount, remaining_balance, deposited_money_in_words, payment_type, transaction_number, bank_details_with_branch, national_portal_registration_number, from_quotation, project_email, project_in_phase, for_consumer_id)  VALUES ( %(property_tax)s, %(electricity_bill)s, %(meter_number)s, %(current_sanctioned_load)s, %(average_consumption_of_unit)s, %(consumer_number)s, %(cancelled_cheque)s, %(other_documents)s, %(other_documents_names)s, %(project_type)s, %(project_address)s, %(latitude)s, %(longitude)s, %(total_kilowatts)s, %(solar_panel_type)s, %(project_cost)s, %(deposit_amount)s, %(remaining_balance)s, %(deposited_money_in_words)s, %(payment_type)s, %(transaction_number)s, %(bank_details_with_branch)s, %(national_portal_registration_number)s, %(from_quotation)s, %(project_email)s, %(project_in_phase)s, %(for_consumer_id)s );",
    "get_all_projects": "select meter_number, consumer_number, project_type, project_address, project_email, project_in_phase, for_consumer_id from public.\"Projects\" ##where## order by timestamp desc limit %(limit)s offset %(lower)s",
    "get_all_projects_column_names": ["meter_number", "consumer_number", "project_type", "project_address", "project_email", "project_in_phase", "for_consumer_id"],
    "countPages": "select count(*) from public.\"Projects\" ##where##",
    "get_columns": "select column_name from information_schema.columns where table_name = %(table_name)s",
    "phase_details": "select column_names from public.\"table_name\" where consumer_number = %(consumer_number)s",
    "phase_details_column_names": {
        "1":["meter_number", "current_sanctioned_load", "average_consumption_of_unit", "consumer_number", "project_type", "project_address", "latitude", "longitude", "total_kilowatts", "solar_panel_type", "project_cost", "deposit_amount", "remaining_balance", "deposited_money_in_words", "payment_type", "transaction_number", "bank_details_with_branch", "national_portal_registration_number", "from_quotation", "project_email", "project_in_phase", "for_consumer_id", "current_phase", "installation_phase", "location", "solar_inverter_make", "solar_panel_wattage", "number_of_panels", "other_documents", "other_documents_names", "cancelled_cheque", "electricity_bill", "property_tax"],
        "2":["consumer_number", "discom_approval", "discom", "notes"],
        "3":["consumer_number", "client_approved_cad", "notes"],
        "4":["consumer_number", "structure_ready", "notes"],
        "5":["consumer_number", "ready_to_transport", "notes"],
        "6":["consumer_number"],
        "7":["consumer_number", "geda_approval", "electrical_diagram", "notes"],
        "8":["consumer_number"],
        "9":["consumer_number", "meter_report", "joint_inspection"],
        "10":["consumer_number", "invoice_from_accounts", "dcr"]
    },
    "phase_1_details": "select meter_number, current_sanctioned_load, average_consumption_of_unit, consumer_number, project_type, project_address, latitude, longitude, total_kilowatts, solar_panel_type, project_cost, deposit_amount, remaining_balance, deposited_money_in_words, payment_type, transaction_number, bank_details_with_branch, national_portal_registration_number, from_quotation, project_email, project_in_phase, for_consumer_id, current_phase, installation_phase, location, solar_inverter_make, solar_panel_wattage, number_of_panels, other_documents, other_documents_names, cancelled_cheque, electricity_bill, property_tax from public.\"Projects\" where consumer_number = %(consumer_number)s",
    "update_project_in_phase": "update public.\"Projects\" set project_in_phase = %(project_in_phase)s where consumer_number = %(consumer_number)s",
    "promote_to_phase": "insert into public.\"table_name\" (consumer_number) values (%(consumer_number)s)",
    "upload": "UPDATE public.\"Project_phase_5\" SET electrical_materials_list = electrical_materials_list || %(file)s WHERE consumer_number = %(consumer_number)s;",
    "number_of_files": "select electrical_materials_list from public.\"Project_phase_5\" where consumer_number = %(consumer_number)s",
    "update_phase_data": "update public.\"table_name\" set key_value_pairs where consumer_number = %(consumer_number)s",
    "download_file": "select document_required from public.\"table_name\" where consumer_number = %(consumer_number)s",
    "get_panel_details": "select pr_ratio, efficiency, area, solar_panel_type from public.\"Panel_details\" where solar_panel_type = %(solar_panel_type)s;",
    "get_panel_details_column_names": ["pr_ratio", "efficiency", "area", "solar_panel_type"]
}